x:image,y:9,y'
C:\Users\yunus\neural_network_console\samples\sample_dataset\mnist\validation\4\4.png,0,0.045936447
C:\Users\yunus\neural_network_console\samples\sample_dataset\mnist\validation\4\6.png,0,0.0023943116
C:\Users\yunus\neural_network_console\samples\sample_dataset\mnist\validation\9\7.png,1,0.9954808
C:\Users\yunus\neural_network_console\samples\sample_dataset\mnist\validation\9\9.png,1,0.9806923
C:\Users\yunus\neural_network_console\samples\sample_dataset\mnist\validation\9\12.png,1,0.99081975
C:\Users\yunus\neural_network_console\samples\sample_dataset\mnist\validation\9\16.png,1,0.97976995
C:\Users\yunus\neural_network_console\samples\sample_dataset\mnist\validation\4\19.png,0,0.004682027
C:\Users\yunus\neural_network_console\samples\sample_dataset\mnist\validation\9\20.png,1,0.98371214
C:\Users\yunus\neural_network_console\samples\sample_dataset\mnist\validation\4\24.png,0,0.03565885
C:\Users\yunus\neural_network_console\samples\sample_dataset\mnist\validation\4\27.png,0,0.0096658515
C:\Users\yunus\neural_network_console\samples\sample_dataset\mnist\validation\4\33.png,0,0.00042167978
C:\Users\yunus\neural_network_console\samples\sample_dataset\mnist\validation\4\42.png,0,0.043507762
C:\Users\yunus\neural_network_console\samples\sample_dataset\mnist\validation\4\48.png,0,0.014293828
C:\Users\yunus\neural_network_console\samples\sample_dataset\mnist\validation\4\49.png,0,0.004188831
C:\Users\yunus\neural_network_console\samples\sample_dataset\mnist\validation\4\56.png,0,6.198189e-05
C:\Users\yunus\neural_network_console\samples\sample_dataset\mnist\validation\9\58.png,1,0.9891016
C:\Users\yunus\neural_network_console\samples\sample_dataset\mnist\validation\9\62.png,1,0.83024985
C:\Users\yunus\neural_network_console\samples\sample_dataset\mnist\validation\4\65.png,0,0.05038288
C:\Users\yunus\neural_network_console\samples\sample_dataset\mnist\validation\4\67.png,0,0.0038110835
C:\Users\yunus\neural_network_console\samples\sample_dataset\mnist\validation\9\73.png,1,0.99999857
C:\Users\yunus\neural_network_console\samples\sample_dataset\mnist\validation\9\78.png,1,0.96320456
C:\Users\yunus\neural_network_console\samples\sample_dataset\mnist\validation\4\85.png,0,9.0838075e-05
C:\Users\yunus\neural_network_console\samples\sample_dataset\mnist\validation\9\92.png,1,0.42890045
C:\Users\yunus\neural_network_console\samples\sample_dataset\mnist\validation\4\95.png,0,0.000119328935
C:\Users\yunus\neural_network_console\samples\sample_dataset\mnist\validation\9\99.png,1,0.9989003
C:\Users\yunus\neural_network_console\samples\sample_dataset\mnist\validation\4\103.png,0,0.0012080203
C:\Users\yunus\neural_network_console\samples\sample_dataset\mnist\validation\9\104.png,1,0.99078935
C:\Users\yunus\neural_network_console\samples\sample_dataset\mnist\validation\9\105.png,1,0.98628646
C:\Users\yunus\neural_network_console\samples\sample_dataset\mnist\validation\9\108.png,1,0.85219485
C:\Users\yunus\neural_network_console\samples\sample_dataset\mnist\validation\4\109.png,0,0.019843921
C:\Users\yunus\neural_network_console\samples\sample_dataset\mnist\validation\9\113.png,1,0.99625164
C:\Users\yunus\neural_network_console\samples\sample_dataset\mnist\validation\4\115.png,0,0.12251546
C:\Users\yunus\neural_network_console\samples\sample_dataset\mnist\validation\4\116.png,0,0.03930624
C:\Users\yunus\neural_network_console\samples\sample_dataset\mnist\validation\4\117.png,0,0.00011239646
C:\Users\yunus\neural_network_console\samples\sample_dataset\mnist\validation\9\118.png,1,0.9273979
C:\Users\yunus\neural_network_console\samples\sample_dataset\mnist\validation\4\121.png,0,0.031655587
C:\Users\yunus\neural_network_console\samples\sample_dataset\mnist\validation\9\125.png,1,0.84853107
C:\Users\yunus\neural_network_console\samples\sample_dataset\mnist\validation\4\139.png,0,0.12757938
C:\Users\yunus\neural_network_console\samples\sample_dataset\mnist\validation\9\150.png,1,0.8874728
C:\Users\yunus\neural_network_console\samples\sample_dataset\mnist\validation\9\151.png,1,0.99918777
C:\Users\yunus\neural_network_console\samples\sample_dataset\mnist\validation\4\159.png,0,0.15730777
C:\Users\yunus\neural_network_console\samples\sample_dataset\mnist\validation\4\160.png,0,0.00043230315
C:\Users\yunus\neural_network_console\samples\sample_dataset\mnist\validation\4\163.png,0,0.0016657019
C:\Users\yunus\neural_network_console\samples\sample_dataset\mnist\validation\4\166.png,0,0.035541955
C:\Users\yunus\neural_network_console\samples\sample_dataset\mnist\validation\4\169.png,0,0.0076566017
C:\Users\yunus\neural_network_console\samples\sample_dataset\mnist\validation\4\170.png,0,0.0673636
C:\Users\yunus\neural_network_console\samples\sample_dataset\mnist\validation\9\185.png,1,0.6499904
C:\Users\yunus\neural_network_console\samples\sample_dataset\mnist\validation\9\193.png,1,0.3426154
C:\Users\yunus\neural_network_console\samples\sample_dataset\mnist\validation\4\198.png,0,0.052501746
C:\Users\yunus\neural_network_console\samples\sample_dataset\mnist\validation\9\206.png,1,0.9989372
C:\Users\yunus\neural_network_console\samples\sample_dataset\mnist\validation\9\209.png,1,0.98303473
C:\Users\yunus\neural_network_console\samples\sample_dataset\mnist\validation\4\210.png,0,0.049054883
C:\Users\yunus\neural_network_console\samples\sample_dataset\mnist\validation\9\212.png,1,0.99749017
C:\Users\yunus\neural_network_console\samples\sample_dataset\mnist\validation\9\214.png,1,0.9755933
C:\Users\yunus\neural_network_console\samples\sample_dataset\mnist\validation\4\227.png,0,0.125699
C:\Users\yunus\neural_network_console\samples\sample_dataset\mnist\validation\9\235.png,1,0.9964887
C:\Users\yunus\neural_network_console\samples\sample_dataset\mnist\validation\4\238.png,0,0.0018172433
C:\Users\yunus\neural_network_console\samples\sample_dataset\mnist\validation\9\241.png,1,0.9853373
C:\Users\yunus\neural_network_console\samples\sample_dataset\mnist\validation\4\247.png,0,0.0022148148
C:\Users\yunus\neural_network_console\samples\sample_dataset\mnist\validation\4\248.png,0,0.0018123302
C:\Users\yunus\neural_network_console\samples\sample_dataset\mnist\validation\4\250.png,0,0.03487639
C:\Users\yunus\neural_network_console\samples\sample_dataset\mnist\validation\9\252.png,1,0.9768494
C:\Users\yunus\neural_network_console\samples\sample_dataset\mnist\validation\9\264.png,1,0.7879645
C:\Users\yunus\neural_network_console\samples\sample_dataset\mnist\validation\9\273.png,1,0.9996668
C:\Users\yunus\neural_network_console\samples\sample_dataset\mnist\validation\9\274.png,1,0.99986756
C:\Users\yunus\neural_network_console\samples\sample_dataset\mnist\validation\4\275.png,0,0.1561726
C:\Users\yunus\neural_network_console\samples\sample_dataset\mnist\validation\9\281.png,1,0.9967726
C:\Users\yunus\neural_network_console\samples\sample_dataset\mnist\validation\9\284.png,1,0.9991233
C:\Users\yunus\neural_network_console\samples\sample_dataset\mnist\validation\4\287.png,0,0.00036972706
C:\Users\yunus\neural_network_console\samples\sample_dataset\mnist\validation\9\292.png,1,0.9994572
C:\Users\yunus\neural_network_console\samples\sample_dataset\mnist\validation\4\295.png,0,0.04066917
C:\Users\yunus\neural_network_console\samples\sample_dataset\mnist\validation\4\300.png,0,0.047157936
C:\Users\yunus\neural_network_console\samples\sample_dataset\mnist\validation\4\304.png,0,0.037236933
C:\Users\yunus\neural_network_console\samples\sample_dataset\mnist\validation\4\308.png,0,0.0016052679
C:\Users\yunus\neural_network_console\samples\sample_dataset\mnist\validation\9\315.png,1,0.9993555
C:\Users\yunus\neural_network_console\samples\sample_dataset\mnist\validation\9\320.png,1,0.9964109
C:\Users\yunus\neural_network_console\samples\sample_dataset\mnist\validation\9\322.png,1,0.99212
C:\Users\yunus\neural_network_console\samples\sample_dataset\mnist\validation\4\325.png,0,0.43363282
C:\Users\yunus\neural_network_console\samples\sample_dataset\mnist\validation\9\336.png,1,0.8420936
C:\Users\yunus\neural_network_console\samples\sample_dataset\mnist\validation\9\359.png,1,0.61985075
C:\Users\yunus\neural_network_console\samples\sample_dataset\mnist\validation\4\360.png,0,0.00013030862
C:\Users\yunus\neural_network_console\samples\sample_dataset\mnist\validation\4\376.png,0,0.16046257
C:\Users\yunus\neural_network_console\samples\sample_dataset\mnist\validation\4\379.png,0,0.013033672
C:\Users\yunus\neural_network_console\samples\sample_dataset\mnist\validation\9\389.png,1,0.80418706
C:\Users\yunus\neural_network_console\samples\sample_dataset\mnist\validation\9\394.png,1,0.99479735
C:\Users\yunus\neural_network_console\samples\sample_dataset\mnist\validation\4\398.png,0,0.013616565
C:\Users\yunus\neural_network_console\samples\sample_dataset\mnist\validation\4\399.png,0,0.0011023897
C:\Users\yunus\neural_network_console\samples\sample_dataset\mnist\validation\4\405.png,0,0.007893397
C:\Users\yunus\neural_network_console\samples\sample_dataset\mnist\validation\9\414.png,1,0.97203505
C:\Users\yunus\neural_network_console\samples\sample_dataset\mnist\validation\9\417.png,1,0.9838336
C:\Users\yunus\neural_network_console\samples\sample_dataset\mnist\validation\4\420.png,0,0.05274467
C:\Users\yunus\neural_network_console\samples\sample_dataset\mnist\validation\9\422.png,1,0.94200593
C:\Users\yunus\neural_network_console\samples\sample_dataset\mnist\validation\4\425.png,0,0.0007634458
C:\Users\yunus\neural_network_console\samples\sample_dataset\mnist\validation\9\426.png,1,0.84950614
C:\Users\yunus\neural_network_console\samples\sample_dataset\mnist\validation\4\428.png,0,0.06391302
C:\Users\yunus\neural_network_console\samples\sample_dataset\mnist\validation\4\432.png,0,0.00028592683
C:\Users\yunus\neural_network_console\samples\sample_dataset\mnist\validation\9\434.png,1,0.9936859
C:\Users\yunus\neural_network_console\samples\sample_dataset\mnist\validation\4\447.png,0,0.0010082581
C:\Users\yunus\neural_network_console\samples\sample_dataset\mnist\validation\9\448.png,1,0.9975516
C:\Users\yunus\neural_network_console\samples\sample_dataset\mnist\validation\9\454.png,1,0.9986358
C:\Users\yunus\neural_network_console\samples\sample_dataset\mnist\validation\9\471.png,1,0.99574226
C:\Users\yunus\neural_network_console\samples\sample_dataset\mnist\validation\4\475.png,0,0.00081342127
C:\Users\yunus\neural_network_console\samples\sample_dataset\mnist\validation\9\479.png,1,0.9012566
C:\Users\yunus\neural_network_console\samples\sample_dataset\mnist\validation\9\481.png,1,0.9875178
C:\Users\yunus\neural_network_console\samples\sample_dataset\mnist\validation\4\484.png,0,0.003488445
C:\Users\yunus\neural_network_console\samples\sample_dataset\mnist\validation\9\487.png,1,0.82021934
C:\Users\yunus\neural_network_console\samples\sample_dataset\mnist\validation\9\488.png,1,0.9806805
C:\Users\yunus\neural_network_console\samples\sample_dataset\mnist\validation\9\496.png,1,0.95049876
C:\Users\yunus\neural_network_console\samples\sample_dataset\mnist\validation\4\497.png,0,0.01206406
C:\Users\yunus\neural_network_console\samples\sample_dataset\mnist\validation\9\501.png,1,0.9998776
C:\Users\yunus\neural_network_console\samples\sample_dataset\mnist\validation\4\511.png,0,0.25391144
C:\Users\yunus\neural_network_console\samples\sample_dataset\mnist\validation\4\519.png,0,0.038798865
C:\Users\yunus\neural_network_console\samples\sample_dataset\mnist\validation\9\521.png,1,0.90067387
C:\Users\yunus\neural_network_console\samples\sample_dataset\mnist\validation\9\530.png,1,0.40709987
C:\Users\yunus\neural_network_console\samples\sample_dataset\mnist\validation\4\532.png,0,0.3109079
C:\Users\yunus\neural_network_console\samples\sample_dataset\mnist\validation\4\533.png,0,0.0017151372
C:\Users\yunus\neural_network_console\samples\sample_dataset\mnist\validation\4\535.png,0,9.288215e-05
C:\Users\yunus\neural_network_console\samples\sample_dataset\mnist\validation\4\541.png,0,0.016521862
C:\Users\yunus\neural_network_console\samples\sample_dataset\mnist\validation\4\544.png,0,6.475935e-05
C:\Users\yunus\neural_network_console\samples\sample_dataset\mnist\validation\4\555.png,0,0.061602004
C:\Users\yunus\neural_network_console\samples\sample_dataset\mnist\validation\4\556.png,0,0.00015316288
C:\Users\yunus\neural_network_console\samples\sample_dataset\mnist\validation\9\558.png,1,0.93222594
C:\Users\yunus\neural_network_console\samples\sample_dataset\mnist\validation\9\560.png,1,0.9765569
C:\Users\yunus\neural_network_console\samples\sample_dataset\mnist\validation\9\562.png,1,0.9354197
C:\Users\yunus\neural_network_console\samples\sample_dataset\mnist\validation\4\565.png,0,0.52115977
C:\Users\yunus\neural_network_console\samples\sample_dataset\mnist\validation\4\571.png,0,0.4690259
C:\Users\yunus\neural_network_console\samples\sample_dataset\mnist\validation\9\575.png,1,0.8828772
C:\Users\yunus\neural_network_console\samples\sample_dataset\mnist\validation\4\589.png,0,0.037235286
C:\Users\yunus\neural_network_console\samples\sample_dataset\mnist\validation\9\593.png,1,0.99902236
C:\Users\yunus\neural_network_console\samples\sample_dataset\mnist\validation\9\598.png,1,0.97770613
C:\Users\yunus\neural_network_console\samples\sample_dataset\mnist\validation\9\599.png,1,0.998085
C:\Users\yunus\neural_network_console\samples\sample_dataset\mnist\validation\4\610.png,0,0.033425245
C:\Users\yunus\neural_network_console\samples\sample_dataset\mnist\validation\9\616.png,1,0.9800703
C:\Users\yunus\neural_network_console\samples\sample_dataset\mnist\validation\4\622.png,0,0.002199528
C:\Users\yunus\neural_network_console\samples\sample_dataset\mnist\validation\9\627.png,1,0.5103629
C:\Users\yunus\neural_network_console\samples\sample_dataset\mnist\validation\9\630.png,1,0.96224505
C:\Users\yunus\neural_network_console\samples\sample_dataset\mnist\validation\9\634.png,1,0.9998684
C:\Users\yunus\neural_network_console\samples\sample_dataset\mnist\validation\9\639.png,1,0.9888016
C:\Users\yunus\neural_network_console\samples\sample_dataset\mnist\validation\4\660.png,0,0.016780604
C:\Users\yunus\neural_network_console\samples\sample_dataset\mnist\validation\9\662.png,1,0.9945714
C:\Users\yunus\neural_network_console\samples\sample_dataset\mnist\validation\4\668.png,0,0.07321659
C:\Users\yunus\neural_network_console\samples\sample_dataset\mnist\validation\4\670.png,0,0.00085671415
C:\Users\yunus\neural_network_console\samples\sample_dataset\mnist\validation\9\671.png,1,0.99901843
C:\Users\yunus\neural_network_console\samples\sample_dataset\mnist\validation\9\673.png,1,0.86415327
C:\Users\yunus\neural_network_console\samples\sample_dataset\mnist\validation\9\678.png,1,0.9736704
C:\Users\yunus\neural_network_console\samples\sample_dataset\mnist\validation\9\681.png,1,0.9985067
C:\Users\yunus\neural_network_console\samples\sample_dataset\mnist\validation\4\697.png,0,0.00022572883
C:\Users\yunus\neural_network_console\samples\sample_dataset\mnist\validation\4\698.png,0,0.04420462
C:\Users\yunus\neural_network_console\samples\sample_dataset\mnist\validation\9\706.png,1,0.9567917
C:\Users\yunus\neural_network_console\samples\sample_dataset\mnist\validation\4\707.png,0,0.5803588
C:\Users\yunus\neural_network_console\samples\sample_dataset\mnist\validation\4\708.png,0,0.0048805308
C:\Users\yunus\neural_network_console\samples\sample_dataset\mnist\validation\4\712.png,0,0.08364602
C:\Users\yunus\neural_network_console\samples\sample_dataset\mnist\validation\4\719.png,0,1.610769e-05
C:\Users\yunus\neural_network_console\samples\sample_dataset\mnist\validation\4\722.png,0,0.00592773
C:\Users\yunus\neural_network_console\samples\sample_dataset\mnist\validation\9\733.png,1,0.9833816
C:\Users\yunus\neural_network_console\samples\sample_dataset\mnist\validation\4\736.png,0,0.0001291977
C:\Users\yunus\neural_network_console\samples\sample_dataset\mnist\validation\4\740.png,0,0.93948203
C:\Users\yunus\neural_network_console\samples\sample_dataset\mnist\validation\4\748.png,0,0.124025375
C:\Users\yunus\neural_network_console\samples\sample_dataset\mnist\validation\4\752.png,0,0.020803405
C:\Users\yunus\neural_network_console\samples\sample_dataset\mnist\validation\4\757.png,0,0.033210117
C:\Users\yunus\neural_network_console\samples\sample_dataset\mnist\validation\9\758.png,1,0.9852879
C:\Users\yunus\neural_network_console\samples\sample_dataset\mnist\validation\9\759.png,1,0.99357504
C:\Users\yunus\neural_network_console\samples\sample_dataset\mnist\validation\4\760.png,0,0.65996295
C:\Users\yunus\neural_network_console\samples\sample_dataset\mnist\validation\4\762.png,0,0.0021650738
C:\Users\yunus\neural_network_console\samples\sample_dataset\mnist\validation\4\765.png,0,0.010448443
C:\Users\yunus\neural_network_console\samples\sample_dataset\mnist\validation\4\770.png,0,0.00029292845
C:\Users\yunus\neural_network_console\samples\sample_dataset\mnist\validation\9\773.png,1,0.98617095
C:\Users\yunus\neural_network_console\samples\sample_dataset\mnist\validation\4\774.png,0,0.1164294
C:\Users\yunus\neural_network_console\samples\sample_dataset\mnist\validation\4\776.png,0,7.121349e-05
C:\Users\yunus\neural_network_console\samples\sample_dataset\mnist\validation\4\784.png,0,0.0010234977
C:\Users\yunus\neural_network_console\samples\sample_dataset\mnist\validation\9\788.png,1,0.9722048
C:\Users\yunus\neural_network_console\samples\sample_dataset\mnist\validation\4\789.png,0,0.27984336
C:\Users\yunus\neural_network_console\samples\sample_dataset\mnist\validation\4\802.png,0,0.00017543581
C:\Users\yunus\neural_network_console\samples\sample_dataset\mnist\validation\4\803.png,0,0.0011608282
C:\Users\yunus\neural_network_console\samples\sample_dataset\mnist\validation\9\813.png,1,0.9984541
C:\Users\yunus\neural_network_console\samples\sample_dataset\mnist\validation\4\827.png,0,0.040079962
C:\Users\yunus\neural_network_console\samples\sample_dataset\mnist\validation\4\829.png,0,0.015416704
C:\Users\yunus\neural_network_console\samples\sample_dataset\mnist\validation\9\833.png,1,0.93289006
C:\Users\yunus\neural_network_console\samples\sample_dataset\mnist\validation\4\838.png,0,0.015818963
C:\Users\yunus\neural_network_console\samples\sample_dataset\mnist\validation\4\843.png,0,0.0015233497
C:\Users\yunus\neural_network_console\samples\sample_dataset\mnist\validation\9\862.png,1,0.9444396
C:\Users\yunus\neural_network_console\samples\sample_dataset\mnist\validation\9\874.png,1,0.8615047
C:\Users\yunus\neural_network_console\samples\sample_dataset\mnist\validation\4\881.png,0,0.6216657
C:\Users\yunus\neural_network_console\samples\sample_dataset\mnist\validation\9\882.png,1,0.95699733
C:\Users\yunus\neural_network_console\samples\sample_dataset\mnist\validation\9\893.png,1,0.99961853
C:\Users\yunus\neural_network_console\samples\sample_dataset\mnist\validation\4\901.png,0,0.01504558
C:\Users\yunus\neural_network_console\samples\sample_dataset\mnist\validation\4\902.png,0,0.040128876
C:\Users\yunus\neural_network_console\samples\sample_dataset\mnist\validation\9\906.png,1,0.9537985
C:\Users\yunus\neural_network_console\samples\sample_dataset\mnist\validation\4\908.png,0,0.00029859686
C:\Users\yunus\neural_network_console\samples\sample_dataset\mnist\validation\4\910.png,0,0.0026958673
C:\Users\yunus\neural_network_console\samples\sample_dataset\mnist\validation\9\913.png,1,0.9964091
C:\Users\yunus\neural_network_console\samples\sample_dataset\mnist\validation\4\916.png,0,0.00039675858
C:\Users\yunus\neural_network_console\samples\sample_dataset\mnist\validation\9\928.png,1,0.98337513
C:\Users\yunus\neural_network_console\samples\sample_dataset\mnist\validation\4\931.png,0,0.034502745
C:\Users\yunus\neural_network_console\samples\sample_dataset\mnist\validation\4\953.png,0,0.0029047912
C:\Users\yunus\neural_network_console\samples\sample_dataset\mnist\validation\9\954.png,1,0.94787043
C:\Users\yunus\neural_network_console\samples\sample_dataset\mnist\validation\4\959.png,0,0.51290405
C:\Users\yunus\neural_network_console\samples\sample_dataset\mnist\validation\9\962.png,1,0.9914718
C:\Users\yunus\neural_network_console\samples\sample_dataset\mnist\validation\9\966.png,1,0.9977518
C:\Users\yunus\neural_network_console\samples\sample_dataset\mnist\validation\4\968.png,0,0.0005010422
C:\Users\yunus\neural_network_console\samples\sample_dataset\mnist\validation\4\969.png,0,0.043312963
C:\Users\yunus\neural_network_console\samples\sample_dataset\mnist\validation\4\971.png,0,0.0017205882
C:\Users\yunus\neural_network_console\samples\sample_dataset\mnist\validation\9\992.png,1,0.45905522
C:\Users\yunus\neural_network_console\samples\sample_dataset\mnist\validation\9\999.png,1,0.8199059
C:\Users\yunus\neural_network_console\samples\sample_dataset\mnist\validation\9\1000.png,1,0.9940625
C:\Users\yunus\neural_network_console\samples\sample_dataset\mnist\validation\9\1005.png,1,0.98546743
C:\Users\yunus\neural_network_console\samples\sample_dataset\mnist\validation\4\1010.png,0,0.02195203
C:\Users\yunus\neural_network_console\samples\sample_dataset\mnist\validation\9\1013.png,1,0.79968923
C:\Users\yunus\neural_network_console\samples\sample_dataset\mnist\validation\4\1015.png,0,0.07417394
C:\Users\yunus\neural_network_console\samples\sample_dataset\mnist\validation\4\1023.png,0,0.0013457054
C:\Users\yunus\neural_network_console\samples\sample_dataset\mnist\validation\4\1024.png,0,0.020987663
C:\Users\yunus\neural_network_console\samples\sample_dataset\mnist\validation\4\1043.png,0,0.022081522
C:\Users\yunus\neural_network_console\samples\sample_dataset\mnist\validation\9\1045.png,1,0.9834969
C:\Users\yunus\neural_network_console\samples\sample_dataset\mnist\validation\9\1048.png,1,0.9885343
C:\Users\yunus\neural_network_console\samples\sample_dataset\mnist\validation\4\1051.png,0,0.01642542
C:\Users\yunus\neural_network_console\samples\sample_dataset\mnist\validation\4\1057.png,0,0.013911469
C:\Users\yunus\neural_network_console\samples\sample_dataset\mnist\validation\9\1058.png,1,0.98775953
C:\Users\yunus\neural_network_console\samples\sample_dataset\mnist\validation\4\1059.png,0,0.058915913
C:\Users\yunus\neural_network_console\samples\sample_dataset\mnist\validation\4\1060.png,0,1.86697e-05
C:\Users\yunus\neural_network_console\samples\sample_dataset\mnist\validation\9\1063.png,1,0.98578113
C:\Users\yunus\neural_network_console\samples\sample_dataset\mnist\validation\4\1077.png,0,0.048911583
C:\Users\yunus\neural_network_console\samples\sample_dataset\mnist\validation\4\1078.png,0,0.0026722231
C:\Users\yunus\neural_network_console\samples\sample_dataset\mnist\validation\4\1080.png,0,0.11086755
C:\Users\yunus\neural_network_console\samples\sample_dataset\mnist\validation\9\1081.png,1,0.9357803
C:\Users\yunus\neural_network_console\samples\sample_dataset\mnist\validation\9\1086.png,1,0.9589224
C:\Users\yunus\neural_network_console\samples\sample_dataset\mnist\validation\9\1088.png,1,0.99367297
C:\Users\yunus\neural_network_console\samples\sample_dataset\mnist\validation\9\1090.png,1,0.9726016
C:\Users\yunus\neural_network_console\samples\sample_dataset\mnist\validation\9\1103.png,1,0.98166806
C:\Users\yunus\neural_network_console\samples\sample_dataset\mnist\validation\9\1105.png,1,0.9476015
C:\Users\yunus\neural_network_console\samples\sample_dataset\mnist\validation\9\1107.png,1,0.98245037
C:\Users\yunus\neural_network_console\samples\sample_dataset\mnist\validation\4\1111.png,0,0.056114838
C:\Users\yunus\neural_network_console\samples\sample_dataset\mnist\validation\4\1112.png,0,0.00452325
C:\Users\yunus\neural_network_console\samples\sample_dataset\mnist\validation\4\1116.png,0,0.037425682
C:\Users\yunus\neural_network_console\samples\sample_dataset\mnist\validation\9\1130.png,1,0.99638295
C:\Users\yunus\neural_network_console\samples\sample_dataset\mnist\validation\4\1140.png,0,0.01297413
C:\Users\yunus\neural_network_console\samples\sample_dataset\mnist\validation\4\1142.png,0,0.13682099
C:\Users\yunus\neural_network_console\samples\sample_dataset\mnist\validation\4\1145.png,0,0.041519202
C:\Users\yunus\neural_network_console\samples\sample_dataset\mnist\validation\4\1147.png,0,0.12828787
C:\Users\yunus\neural_network_console\samples\sample_dataset\mnist\validation\9\1152.png,1,0.9924821
C:\Users\yunus\neural_network_console\samples\sample_dataset\mnist\validation\4\1157.png,0,0.2883913
C:\Users\yunus\neural_network_console\samples\sample_dataset\mnist\validation\4\1158.png,0,0.0019722672
C:\Users\yunus\neural_network_console\samples\sample_dataset\mnist\validation\4\1159.png,0,0.0455431
C:\Users\yunus\neural_network_console\samples\sample_dataset\mnist\validation\4\1160.png,0,0.026807496
C:\Users\yunus\neural_network_console\samples\sample_dataset\mnist\validation\4\1163.png,0,0.0059983023
C:\Users\yunus\neural_network_console\samples\sample_dataset\mnist\validation\9\1165.png,1,0.96007884
C:\Users\yunus\neural_network_console\samples\sample_dataset\mnist\validation\4\1167.png,0,0.0013380221
C:\Users\yunus\neural_network_console\samples\sample_dataset\mnist\validation\4\1178.png,0,6.771179e-05
C:\Users\yunus\neural_network_console\samples\sample_dataset\mnist\validation\9\1183.png,1,0.9977696
C:\Users\yunus\neural_network_console\samples\sample_dataset\mnist\validation\9\1192.png,1,0.16525206
C:\Users\yunus\neural_network_console\samples\sample_dataset\mnist\validation\9\1217.png,1,0.99677086
C:\Users\yunus\neural_network_console\samples\sample_dataset\mnist\validation\4\1222.png,0,0.020669647
C:\Users\yunus\neural_network_console\samples\sample_dataset\mnist\validation\9\1228.png,1,0.9623563
C:\Users\yunus\neural_network_console\samples\sample_dataset\mnist\validation\4\1230.png,0,0.006255092
C:\Users\yunus\neural_network_console\samples\sample_dataset\mnist\validation\9\1232.png,1,0.19535314
C:\Users\yunus\neural_network_console\samples\sample_dataset\mnist\validation\4\1242.png,0,0.8816461
C:\Users\yunus\neural_network_console\samples\sample_dataset\mnist\validation\9\1247.png,1,0.99981767
C:\Users\yunus\neural_network_console\samples\sample_dataset\mnist\validation\4\1253.png,0,0.0007199853
C:\Users\yunus\neural_network_console\samples\sample_dataset\mnist\validation\9\1255.png,1,0.94977343
C:\Users\yunus\neural_network_console\samples\sample_dataset\mnist\validation\4\1263.png,0,0.009513793
C:\Users\yunus\neural_network_console\samples\sample_dataset\mnist\validation\4\1264.png,0,0.03774669
C:\Users\yunus\neural_network_console\samples\sample_dataset\mnist\validation\4\1270.png,0,0.35823503
C:\Users\yunus\neural_network_console\samples\sample_dataset\mnist\validation\4\1274.png,0,0.11730694
C:\Users\yunus\neural_network_console\samples\sample_dataset\mnist\validation\4\1275.png,0,0.006427713
C:\Users\yunus\neural_network_console\samples\sample_dataset\mnist\validation\9\1277.png,1,0.97747153
C:\Users\yunus\neural_network_console\samples\sample_dataset\mnist\validation\4\1279.png,0,0.041106768
C:\Users\yunus\neural_network_console\samples\sample_dataset\mnist\validation\9\1282.png,1,0.92296225
C:\Users\yunus\neural_network_console\samples\sample_dataset\mnist\validation\4\1300.png,0,0.022199826
C:\Users\yunus\neural_network_console\samples\sample_dataset\mnist\validation\4\1301.png,0,0.005066556
C:\Users\yunus\neural_network_console\samples\sample_dataset\mnist\validation\9\1304.png,1,0.99648213
C:\Users\yunus\neural_network_console\samples\sample_dataset\mnist\validation\4\1306.png,0,0.0037853797
C:\Users\yunus\neural_network_console\samples\sample_dataset\mnist\validation\9\1308.png,1,0.99136156
C:\Users\yunus\neural_network_console\samples\sample_dataset\mnist\validation\9\1309.png,1,0.87462366
C:\Users\yunus\neural_network_console\samples\sample_dataset\mnist\validation\9\1311.png,1,0.8203695
C:\Users\yunus\neural_network_console\samples\sample_dataset\mnist\validation\4\1313.png,0,0.013351064
C:\Users\yunus\neural_network_console\samples\sample_dataset\mnist\validation\4\1314.png,0,0.0030711563
C:\Users\yunus\neural_network_console\samples\sample_dataset\mnist\validation\9\1322.png,1,0.97703516
C:\Users\yunus\neural_network_console\samples\sample_dataset\mnist\validation\4\1323.png,0,0.003763021
C:\Users\yunus\neural_network_console\samples\sample_dataset\mnist\validation\9\1327.png,1,0.9404888
C:\Users\yunus\neural_network_console\samples\sample_dataset\mnist\validation\4\1330.png,0,0.006848203
C:\Users\yunus\neural_network_console\samples\sample_dataset\mnist\validation\4\1342.png,0,0.016717372
C:\Users\yunus\neural_network_console\samples\sample_dataset\mnist\validation\9\1343.png,1,0.8763043
C:\Users\yunus\neural_network_console\samples\sample_dataset\mnist\validation\4\1357.png,0,0.47452193
C:\Users\yunus\neural_network_console\samples\sample_dataset\mnist\validation\9\1380.png,1,0.9571307
C:\Users\yunus\neural_network_console\samples\sample_dataset\mnist\validation\4\1382.png,0,0.004775444
C:\Users\yunus\neural_network_console\samples\sample_dataset\mnist\validation\9\1385.png,1,0.9981306
C:\Users\yunus\neural_network_console\samples\sample_dataset\mnist\validation\4\1391.png,0,0.03777247
C:\Users\yunus\neural_network_console\samples\sample_dataset\mnist\validation\9\1396.png,1,0.98501265
C:\Users\yunus\neural_network_console\samples\sample_dataset\mnist\validation\4\1413.png,0,0.14060377
C:\Users\yunus\neural_network_console\samples\sample_dataset\mnist\validation\9\1414.png,1,0.8550809
C:\Users\yunus\neural_network_console\samples\sample_dataset\mnist\validation\9\1417.png,1,0.99829465
C:\Users\yunus\neural_network_console\samples\sample_dataset\mnist\validation\9\1418.png,1,0.99943525
C:\Users\yunus\neural_network_console\samples\sample_dataset\mnist\validation\4\1419.png,0,0.00027103984
C:\Users\yunus\neural_network_console\samples\sample_dataset\mnist\validation\4\1422.png,0,0.7402852
C:\Users\yunus\neural_network_console\samples\sample_dataset\mnist\validation\9\1423.png,1,0.99861205
C:\Users\yunus\neural_network_console\samples\sample_dataset\mnist\validation\4\1427.png,0,0.0019071219
C:\Users\yunus\neural_network_console\samples\sample_dataset\mnist\validation\9\1428.png,1,0.99337053
C:\Users\yunus\neural_network_console\samples\sample_dataset\mnist\validation\9\1429.png,1,0.40198743
C:\Users\yunus\neural_network_console\samples\sample_dataset\mnist\validation\9\1435.png,1,0.8702997
C:\Users\yunus\neural_network_console\samples\sample_dataset\mnist\validation\4\1437.png,0,0.024765603
C:\Users\yunus\neural_network_console\samples\sample_dataset\mnist\validation\9\1439.png,1,0.97282517
C:\Users\yunus\neural_network_console\samples\sample_dataset\mnist\validation\4\1440.png,0,0.41320136
C:\Users\yunus\neural_network_console\samples\sample_dataset\mnist\validation\9\1449.png,1,0.99598444
C:\Users\yunus\neural_network_console\samples\sample_dataset\mnist\validation\9\1452.png,1,0.9885833
C:\Users\yunus\neural_network_console\samples\sample_dataset\mnist\validation\4\1453.png,0,0.2535645
C:\Users\yunus\neural_network_console\samples\sample_dataset\mnist\validation\9\1455.png,1,0.92008173
C:\Users\yunus\neural_network_console\samples\sample_dataset\mnist\validation\4\1461.png,0,0.00011108281
C:\Users\yunus\neural_network_console\samples\sample_dataset\mnist\validation\4\1465.png,0,0.050276984
C:\Users\yunus\neural_network_console\samples\sample_dataset\mnist\validation\9\1481.png,1,0.990897
C:\Users\yunus\neural_network_console\samples\sample_dataset\mnist\validation\9\1486.png,1,0.980928
C:\Users\yunus\neural_network_console\samples\sample_dataset\mnist\validation\4\1488.png,0,0.0031642367
C:\Users\yunus\neural_network_console\samples\sample_dataset\mnist\validation\9\1492.png,1,0.9999262
C:\Users\yunus\neural_network_console\samples\sample_dataset\mnist\validation\9\1501.png,1,0.9990085
C:\Users\yunus\neural_network_console\samples\sample_dataset\mnist\validation\9\1508.png,1,0.997324
C:\Users\yunus\neural_network_console\samples\sample_dataset\mnist\validation\4\1509.png,0,0.002223664
C:\Users\yunus\neural_network_console\samples\sample_dataset\mnist\validation\4\1511.png,0,0.0001917797
C:\Users\yunus\neural_network_console\samples\sample_dataset\mnist\validation\9\1512.png,1,0.99017286
C:\Users\yunus\neural_network_console\samples\sample_dataset\mnist\validation\4\1516.png,0,0.12334296
C:\Users\yunus\neural_network_console\samples\sample_dataset\mnist\validation\4\1529.png,0,0.00010924951
C:\Users\yunus\neural_network_console\samples\sample_dataset\mnist\validation\9\1532.png,1,0.9903088
C:\Users\yunus\neural_network_console\samples\sample_dataset\mnist\validation\4\1542.png,0,0.005462488
C:\Users\yunus\neural_network_console\samples\sample_dataset\mnist\validation\9\1545.png,1,0.9862831
C:\Users\yunus\neural_network_console\samples\sample_dataset\mnist\validation\4\1547.png,0,0.034385625
C:\Users\yunus\neural_network_console\samples\sample_dataset\mnist\validation\4\1549.png,0,0.010417886
C:\Users\yunus\neural_network_console\samples\sample_dataset\mnist\validation\4\1552.png,0,0.076437555
C:\Users\yunus\neural_network_console\samples\sample_dataset\mnist\validation\9\1553.png,1,0.99004644
C:\Users\yunus\neural_network_console\samples\sample_dataset\mnist\validation\9\1554.png,1,0.99880433
C:\Users\yunus\neural_network_console\samples\sample_dataset\mnist\validation\4\1557.png,0,0.10315059
C:\Users\yunus\neural_network_console\samples\sample_dataset\mnist\validation\9\1559.png,1,0.9944141
C:\Users\yunus\neural_network_console\samples\sample_dataset\mnist\validation\4\1561.png,0,0.032067895
C:\Users\yunus\neural_network_console\samples\sample_dataset\mnist\validation\4\1571.png,0,0.1305554
C:\Users\yunus\neural_network_console\samples\sample_dataset\mnist\validation\4\1575.png,0,0.03139529
C:\Users\yunus\neural_network_console\samples\sample_dataset\mnist\validation\4\1580.png,0,0.0013473316
C:\Users\yunus\neural_network_console\samples\sample_dataset\mnist\validation\9\1594.png,1,0.9788963
C:\Users\yunus\neural_network_console\samples\sample_dataset\mnist\validation\9\1596.png,1,0.57629067
C:\Users\yunus\neural_network_console\samples\sample_dataset\mnist\validation\9\1597.png,1,0.95529306
C:\Users\yunus\neural_network_console\samples\sample_dataset\mnist\validation\4\1599.png,0,0.0054465123
C:\Users\yunus\neural_network_console\samples\sample_dataset\mnist\validation\4\1614.png,0,0.033606756
C:\Users\yunus\neural_network_console\samples\sample_dataset\mnist\validation\9\1622.png,1,0.9724913
C:\Users\yunus\neural_network_console\samples\sample_dataset\mnist\validation\4\1625.png,0,0.025407799
C:\Users\yunus\neural_network_console\samples\sample_dataset\mnist\validation\9\1627.png,1,0.9999627
C:\Users\yunus\neural_network_console\samples\sample_dataset\mnist\validation\9\1631.png,1,0.99753726
C:\Users\yunus\neural_network_console\samples\sample_dataset\mnist\validation\4\1634.png,0,0.6543621
C:\Users\yunus\neural_network_console\samples\sample_dataset\mnist\validation\4\1636.png,0,0.00010292551
C:\Users\yunus\neural_network_console\samples\sample_dataset\mnist\validation\9\1640.png,1,0.32494402
C:\Users\yunus\neural_network_console\samples\sample_dataset\mnist\validation\9\1645.png,1,0.99771714
C:\Users\yunus\neural_network_console\samples\sample_dataset\mnist\validation\9\1647.png,1,0.98337156
C:\Users\yunus\neural_network_console\samples\sample_dataset\mnist\validation\9\1648.png,1,0.97603333
C:\Users\yunus\neural_network_console\samples\sample_dataset\mnist\validation\4\1649.png,0,0.0018019464
C:\Users\yunus\neural_network_console\samples\sample_dataset\mnist\validation\4\1652.png,0,0.06504946
C:\Users\yunus\neural_network_console\samples\sample_dataset\mnist\validation\9\1655.png,1,0.93110704
C:\Users\yunus\neural_network_console\samples\sample_dataset\mnist\validation\4\1665.png,0,0.057022218
C:\Users\yunus\neural_network_console\samples\sample_dataset\mnist\validation\9\1666.png,1,0.9743859
C:\Users\yunus\neural_network_console\samples\sample_dataset\mnist\validation\9\1668.png,1,0.9726265
C:\Users\yunus\neural_network_console\samples\sample_dataset\mnist\validation\4\1679.png,0,0.00027421722
C:\Users\yunus\neural_network_console\samples\sample_dataset\mnist\validation\4\1680.png,0,0.0022805715
C:\Users\yunus\neural_network_console\samples\sample_dataset\mnist\validation\9\1695.png,1,0.997623
C:\Users\yunus\neural_network_console\samples\sample_dataset\mnist\validation\9\1697.png,1,0.9872049
C:\Users\yunus\neural_network_console\samples\sample_dataset\mnist\validation\4\1701.png,0,0.024076387
C:\Users\yunus\neural_network_console\samples\sample_dataset\mnist\validation\4\1706.png,0,0.0016076748
C:\Users\yunus\neural_network_console\samples\sample_dataset\mnist\validation\9\1709.png,1,0.5274847
C:\Users\yunus\neural_network_console\samples\sample_dataset\mnist\validation\9\1714.png,1,0.99232495
C:\Users\yunus\neural_network_console\samples\sample_dataset\mnist\validation\4\1720.png,0,3.5769701e-06
C:\Users\yunus\neural_network_console\samples\sample_dataset\mnist\validation\4\1724.png,0,0.0014427416
C:\Users\yunus\neural_network_console\samples\sample_dataset\mnist\validation\9\1732.png,1,0.99976236
C:\Users\yunus\neural_network_console\samples\sample_dataset\mnist\validation\4\1735.png,0,0.025185242
C:\Users\yunus\neural_network_console\samples\sample_dataset\mnist\validation\9\1743.png,1,0.9760524
C:\Users\yunus\neural_network_console\samples\sample_dataset\mnist\validation\9\1745.png,1,0.9847119
C:\Users\yunus\neural_network_console\samples\sample_dataset\mnist\validation\4\1751.png,0,0.07563551
C:\Users\yunus\neural_network_console\samples\sample_dataset\mnist\validation\4\1767.png,0,0.10498742
C:\Users\yunus\neural_network_console\samples\sample_dataset\mnist\validation\4\1778.png,0,0.008737207
C:\Users\yunus\neural_network_console\samples\sample_dataset\mnist\validation\9\1781.png,1,0.97885567
C:\Users\yunus\neural_network_console\samples\sample_dataset\mnist\validation\4\1786.png,0,0.11544171
C:\Users\yunus\neural_network_console\samples\sample_dataset\mnist\validation\9\1787.png,1,0.9908448
C:\Users\yunus\neural_network_console\samples\sample_dataset\mnist\validation\9\1788.png,1,0.9247944
C:\Users\yunus\neural_network_console\samples\sample_dataset\mnist\validation\9\1793.png,1,0.9998976
C:\Users\yunus\neural_network_console\samples\sample_dataset\mnist\validation\9\1801.png,1,0.9999634
C:\Users\yunus\neural_network_console\samples\sample_dataset\mnist\validation\9\1812.png,1,0.96260136
C:\Users\yunus\neural_network_console\samples\sample_dataset\mnist\validation\4\1815.png,0,0.011270908
C:\Users\yunus\neural_network_console\samples\sample_dataset\mnist\validation\4\1816.png,0,0.2460161
C:\Users\yunus\neural_network_console\samples\sample_dataset\mnist\validation\9\1821.png,1,0.9916516
C:\Users\yunus\neural_network_console\samples\sample_dataset\mnist\validation\9\1825.png,1,0.92647123
C:\Users\yunus\neural_network_console\samples\sample_dataset\mnist\validation\4\1849.png,0,0.04530526
C:\Users\yunus\neural_network_console\samples\sample_dataset\mnist\validation\9\1851.png,1,0.95169836
C:\Users\yunus\neural_network_console\samples\sample_dataset\mnist\validation\9\1853.png,1,0.9818578
C:\Users\yunus\neural_network_console\samples\sample_dataset\mnist\validation\4\1862.png,0,0.066711806
C:\Users\yunus\neural_network_console\samples\sample_dataset\mnist\validation\4\1864.png,0,0.010787569
C:\Users\yunus\neural_network_console\samples\sample_dataset\mnist\validation\4\1865.png,0,0.0638797
C:\Users\yunus\neural_network_console\samples\sample_dataset\mnist\validation\9\1869.png,1,0.9899047
C:\Users\yunus\neural_network_console\samples\sample_dataset\mnist\validation\4\1872.png,0,0.00050443865
C:\Users\yunus\neural_network_console\samples\sample_dataset\mnist\validation\9\1873.png,1,0.99560416
C:\Users\yunus\neural_network_console\samples\sample_dataset\mnist\validation\9\1881.png,1,0.8364471
C:\Users\yunus\neural_network_console\samples\sample_dataset\mnist\validation\9\1894.png,1,0.9706673
C:\Users\yunus\neural_network_console\samples\sample_dataset\mnist\validation\9\1901.png,1,0.014806288
C:\Users\yunus\neural_network_console\samples\sample_dataset\mnist\validation\9\1904.png,1,0.9601983
C:\Users\yunus\neural_network_console\samples\sample_dataset\mnist\validation\9\1906.png,1,0.9841728
C:\Users\yunus\neural_network_console\samples\sample_dataset\mnist\validation\4\1920.png,0,0.10242005
C:\Users\yunus\neural_network_console\samples\sample_dataset\mnist\validation\4\1924.png,0,0.0033120792
C:\Users\yunus\neural_network_console\samples\sample_dataset\mnist\validation\4\1929.png,0,0.02419739
C:\Users\yunus\neural_network_console\samples\sample_dataset\mnist\validation\4\1938.png,0,0.025587758
C:\Users\yunus\neural_network_console\samples\sample_dataset\mnist\validation\9\1952.png,1,0.96531785
C:\Users\yunus\neural_network_console\samples\sample_dataset\mnist\validation\4\1956.png,0,0.33386308
C:\Users\yunus\neural_network_console\samples\sample_dataset\mnist\validation\4\1958.png,0,0.00037003064
C:\Users\yunus\neural_network_console\samples\sample_dataset\mnist\validation\4\1963.png,0,0.19758634
C:\Users\yunus\neural_network_console\samples\sample_dataset\mnist\validation\9\1964.png,1,0.9477368
C:\Users\yunus\neural_network_console\samples\sample_dataset\mnist\validation\4\1978.png,0,0.003416037
C:\Users\yunus\neural_network_console\samples\sample_dataset\mnist\validation\9\1979.png,1,0.864042
C:\Users\yunus\neural_network_console\samples\sample_dataset\mnist\validation\4\1980.png,0,0.012857954
C:\Users\yunus\neural_network_console\samples\sample_dataset\mnist\validation\4\1985.png,0,0.025462685
C:\Users\yunus\neural_network_console\samples\sample_dataset\mnist\validation\4\1989.png,0,0.20335151
C:\Users\yunus\neural_network_console\samples\sample_dataset\mnist\validation\9\1992.png,1,0.9945373
C:\Users\yunus\neural_network_console\samples\sample_dataset\mnist\validation\9\1998.png,1,0.98637927
C:\Users\yunus\neural_network_console\samples\sample_dataset\mnist\validation\4\2005.png,0,0.0082649505
C:\Users\yunus\neural_network_console\samples\sample_dataset\mnist\validation\4\2007.png,0,0.0055024438
C:\Users\yunus\neural_network_console\samples\sample_dataset\mnist\validation\9\2009.png,1,0.99967515
C:\Users\yunus\neural_network_console\samples\sample_dataset\mnist\validation\4\2012.png,0,0.009575251
C:\Users\yunus\neural_network_console\samples\sample_dataset\mnist\validation\9\2014.png,1,0.99324256
C:\Users\yunus\neural_network_console\samples\sample_dataset\mnist\validation\9\2019.png,1,0.9664816
C:\Users\yunus\neural_network_console\samples\sample_dataset\mnist\validation\4\2022.png,0,0.027060557
C:\Users\yunus\neural_network_console\samples\sample_dataset\mnist\validation\4\2043.png,0,0.95984274
C:\Users\yunus\neural_network_console\samples\sample_dataset\mnist\validation\4\2046.png,0,0.017589683
C:\Users\yunus\neural_network_console\samples\sample_dataset\mnist\validation\9\2049.png,1,0.77542406
C:\Users\yunus\neural_network_console\samples\sample_dataset\mnist\validation\4\2053.png,0,0.67266816
C:\Users\yunus\neural_network_console\samples\sample_dataset\mnist\validation\9\2054.png,1,0.96735764
C:\Users\yunus\neural_network_console\samples\sample_dataset\mnist\validation\9\2068.png,1,0.63530964
C:\Users\yunus\neural_network_console\samples\sample_dataset\mnist\validation\4\2074.png,0,0.0022093926
C:\Users\yunus\neural_network_console\samples\sample_dataset\mnist\validation\4\2084.png,0,0.0067706583
C:\Users\yunus\neural_network_console\samples\sample_dataset\mnist\validation\9\2088.png,1,0.99688536
C:\Users\yunus\neural_network_console\samples\sample_dataset\mnist\validation\9\2089.png,1,0.9792931
C:\Users\yunus\neural_network_console\samples\sample_dataset\mnist\validation\4\2090.png,0,0.02632457
C:\Users\yunus\neural_network_console\samples\sample_dataset\mnist\validation\4\2094.png,0,0.20089938
C:\Users\yunus\neural_network_console\samples\sample_dataset\mnist\validation\4\2117.png,0,0.0089847315
C:\Users\yunus\neural_network_console\samples\sample_dataset\mnist\validation\4\2120.png,0,0.018773636
C:\Users\yunus\neural_network_console\samples\sample_dataset\mnist\validation\4\2124.png,0,0.00033455848
C:\Users\yunus\neural_network_console\samples\sample_dataset\mnist\validation\9\2129.png,1,0.0660499
C:\Users\yunus\neural_network_console\samples\sample_dataset\mnist\validation\4\2130.png,0,0.7482819
C:\Users\yunus\neural_network_console\samples\sample_dataset\mnist\validation\4\2145.png,0,8.0296464e-05
C:\Users\yunus\neural_network_console\samples\sample_dataset\mnist\validation\9\2147.png,1,0.99199826
C:\Users\yunus\neural_network_console\samples\sample_dataset\mnist\validation\4\2148.png,0,0.49422842
C:\Users\yunus\neural_network_console\samples\sample_dataset\mnist\validation\9\2161.png,1,0.86304414
C:\Users\yunus\neural_network_console\samples\sample_dataset\mnist\validation\4\2165.png,0,0.0025517326
C:\Users\yunus\neural_network_console\samples\sample_dataset\mnist\validation\4\2169.png,0,0.037083533
C:\Users\yunus\neural_network_console\samples\sample_dataset\mnist\validation\4\2173.png,0,0.0015002296
C:\Users\yunus\neural_network_console\samples\sample_dataset\mnist\validation\9\2181.png,1,0.99283123
C:\Users\yunus\neural_network_console\samples\sample_dataset\mnist\validation\4\2183.png,0,0.0012126416
C:\Users\yunus\neural_network_console\samples\sample_dataset\mnist\validation\9\2189.png,1,0.9993154
C:\Users\yunus\neural_network_console\samples\sample_dataset\mnist\validation\9\2196.png,1,0.9695002
C:\Users\yunus\neural_network_console\samples\sample_dataset\mnist\validation\4\2197.png,0,0.0031009896
C:\Users\yunus\neural_network_console\samples\sample_dataset\mnist\validation\4\2201.png,0,0.012776154
C:\Users\yunus\neural_network_console\samples\sample_dataset\mnist\validation\4\2202.png,0,0.013738108
C:\Users\yunus\neural_network_console\samples\sample_dataset\mnist\validation\4\2205.png,0,0.19183822
C:\Users\yunus\neural_network_console\samples\sample_dataset\mnist\validation\4\2206.png,0,0.019415254
C:\Users\yunus\neural_network_console\samples\sample_dataset\mnist\validation\9\2212.png,1,0.9841809
C:\Users\yunus\neural_network_console\samples\sample_dataset\mnist\validation\9\2216.png,1,0.8772004
C:\Users\yunus\neural_network_console\samples\sample_dataset\mnist\validation\4\2218.png,0,0.1750165
C:\Users\yunus\neural_network_console\samples\sample_dataset\mnist\validation\4\2223.png,0,0.024531
C:\Users\yunus\neural_network_console\samples\sample_dataset\mnist\validation\9\2227.png,1,0.98876977
C:\Users\yunus\neural_network_console\samples\sample_dataset\mnist\validation\9\2232.png,1,0.7891963
C:\Users\yunus\neural_network_console\samples\sample_dataset\mnist\validation\9\2244.png,1,0.9695537
C:\Users\yunus\neural_network_console\samples\sample_dataset\mnist\validation\4\2249.png,0,0.00029101718
C:\Users\yunus\neural_network_console\samples\sample_dataset\mnist\validation\9\2250.png,1,0.9586449
C:\Users\yunus\neural_network_console\samples\sample_dataset\mnist\validation\4\2251.png,0,0.00045045515
C:\Users\yunus\neural_network_console\samples\sample_dataset\mnist\validation\4\2256.png,0,0.0037284244
C:\Users\yunus\neural_network_console\samples\sample_dataset\mnist\validation\9\2257.png,1,0.9811509
C:\Users\yunus\neural_network_console\samples\sample_dataset\mnist\validation\9\2259.png,1,0.9994041
C:\Users\yunus\neural_network_console\samples\sample_dataset\mnist\validation\9\2263.png,1,0.99876726
C:\Users\yunus\neural_network_console\samples\sample_dataset\mnist\validation\4\2264.png,0,0.007531421
C:\Users\yunus\neural_network_console\samples\sample_dataset\mnist\validation\4\2265.png,0,0.037976358
C:\Users\yunus\neural_network_console\samples\sample_dataset\mnist\validation\9\2274.png,1,0.99387944
C:\Users\yunus\neural_network_console\samples\sample_dataset\mnist\validation\9\2292.png,1,0.9989146
C:\Users\yunus\neural_network_console\samples\sample_dataset\mnist\validation\9\2293.png,1,0.936633
C:\Users\yunus\neural_network_console\samples\sample_dataset\mnist\validation\9\2310.png,1,0.94157696
C:\Users\yunus\neural_network_console\samples\sample_dataset\mnist\validation\9\2313.png,1,0.9547313
C:\Users\yunus\neural_network_console\samples\sample_dataset\mnist\validation\9\2320.png,1,0.9713461
C:\Users\yunus\neural_network_console\samples\sample_dataset\mnist\validation\9\2323.png,1,0.9702069
C:\Users\yunus\neural_network_console\samples\sample_dataset\mnist\validation\9\2341.png,1,0.9800306
C:\Users\yunus\neural_network_console\samples\sample_dataset\mnist\validation\9\2342.png,1,0.9862367
C:\Users\yunus\neural_network_console\samples\sample_dataset\mnist\validation\9\2345.png,1,0.96076554
C:\Users\yunus\neural_network_console\samples\sample_dataset\mnist\validation\9\2361.png,1,0.8569066
C:\Users\yunus\neural_network_console\samples\sample_dataset\mnist\validation\9\2380.png,1,0.9975579
C:\Users\yunus\neural_network_console\samples\sample_dataset\mnist\validation\9\2387.png,1,0.9724123
C:\Users\yunus\neural_network_console\samples\sample_dataset\mnist\validation\9\2406.png,1,0.7534472
C:\Users\yunus\neural_network_console\samples\sample_dataset\mnist\validation\9\2414.png,1,0.37218753
C:\Users\yunus\neural_network_console\samples\sample_dataset\mnist\validation\9\2420.png,1,0.9991327
C:\Users\yunus\neural_network_console\samples\sample_dataset\mnist\validation\9\2426.png,1,0.84533477
C:\Users\yunus\neural_network_console\samples\sample_dataset\mnist\validation\9\2438.png,1,0.97796416
C:\Users\yunus\neural_network_console\samples\sample_dataset\mnist\validation\9\2443.png,1,0.99825937
C:\Users\yunus\neural_network_console\samples\sample_dataset\mnist\validation\9\2448.png,1,0.95013005
C:\Users\yunus\neural_network_console\samples\sample_dataset\mnist\validation\9\2456.png,1,0.91067636
C:\Users\yunus\neural_network_console\samples\sample_dataset\mnist\validation\9\2472.png,1,0.9593097
C:\Users\yunus\neural_network_console\samples\sample_dataset\mnist\validation\9\2477.png,1,0.92873764
C:\Users\yunus\neural_network_console\samples\sample_dataset\mnist\validation\9\2478.png,1,0.9971265
C:\Users\yunus\neural_network_console\samples\sample_dataset\mnist\validation\9\2493.png,1,0.84205574
C:\Users\yunus\neural_network_console\samples\sample_dataset\mnist\validation\9\2494.png,1,0.9958801
C:\Users\yunus\neural_network_console\samples\sample_dataset\mnist\validation\9\2497.png,1,0.7853929
C:\Users\yunus\neural_network_console\samples\sample_dataset\mnist\validation\9\2516.png,1,0.98108864
C:\Users\yunus\neural_network_console\samples\sample_dataset\mnist\validation\9\2528.png,1,0.8801135
C:\Users\yunus\neural_network_console\samples\sample_dataset\mnist\validation\9\2538.png,1,0.9951381
C:\Users\yunus\neural_network_console\samples\sample_dataset\mnist\validation\9\2544.png,1,0.9473743
C:\Users\yunus\neural_network_console\samples\sample_dataset\mnist\validation\9\2548.png,1,0.4384489
C:\Users\yunus\neural_network_console\samples\sample_dataset\mnist\validation\9\2570.png,1,0.9304171
